Workbook

Sheet Instructions & Info
A1: TECHNICAL ASSESSMENT: JUNIOR DATA ANALYST
A2: PT Nusantara Retail Makmur - Omnichannel Analytics Department
A4: Tujuan Proyek: | B4: Menguji kemampuan kandidat dalam data cleaning, data enrichment, business logic, dan agregasi data penjualan menggunakan spreadsheet.
A6: Daftar Sheet: | B6: 1. Instructions & Info: Gambaran umum proyek dan petunjuk teknis. 2. Raw_Transactions: Sheet utama pengerjaan formula dari kolom I s/d V. 3. Master_Product: Tabel referensi vertikal (Lookup Produk). 4. Master_Tier_Discount: Tabel referensi horizontal (Lookup Kategori Diskon). 5. KPI_Summary: Dashboard agregasi metrik penjualan eksekutif.
A8: Aturan Pengerjaan: | B8: - Gunakan formula dinamis untuk setiap kolom kalkulasi (jangan hardcode angka/teks). - Pastikan seluruh materi teruji digunakan secara tepat. - Materi yang diuji mencakup: IF, DATEDIF, VLOOKUP/HLOOKUP, REPLACE/SUBSTITUTE, UPPER/LOWER/PROPER, CONCAT, TRIM, AVERAGE, COUNT/COUNTA, SUM, MIN/MAX.
A10: Status Workbook: | B10: SOLUSI & KUNCI JAWABAN LENGKAP

Sheet Master_Product
A1: SKU | B1: Product_Name | C1: Category | D1: Unit_Price
A2: PRD-101 | B2: Laptop Sleeve 14" | C2: Accessories | D2: 150000
A3: PRD-102 | B3: Wireless Mouse | C3: Electronics | D3: 250000
A4: PRD-103 | B4: Mechanical Keyboard | C4: Electronics | D4: 750000
A5: PRD-104 | B5: USB-C Hub 7-in-1 | C5: Accessories | D5: 320000
A6: PRD-105 | B6: Ergonomic Monitor Stand | C6: Furniture | D6: 450000

Sheet Master_Tier_Discount
A1: Category | B1: Accessories | C1: Electronics | D1: Furniture | E1: Other
A2: Base_Discount_Rate | B2: 0.05 | C2: 0.1 | D2: 0.08 | E2: 0

Sheet Raw_Transactions
A1: Trx_ID | B1: Cust_Name | C1: Cust_Email | D1: Join_Date | E1: Order_Date | F1: Product_SKU | G1: Qty | H1: Voucher_Code | I1: Clean_Cust_Name [TRIM+PROPER] | J1: Clean_Email [LOWER+TRIM] | K1: Standard_SKU [SUBSTITUTE] | L1: Delivery_Code [CONCAT] | M1: Product_Name [VLOOKUP] | N1: Category [VLOOKUP] | O1: Unit_Price [VLOOKUP] | P1: Base_Discount [HLOOKUP] | Q1: Tenure_Months [DATEDIF] | R1: Final_Discount_Rate [IF] | S1: Customer_Segment [IF Nested] | T1: Gross_Revenue [CALC] | U1: Discount_Amount [CALC] | V1: Net_Revenue [CALC]
A2: TRX-001 | B2: budi santoso | C2: BUDI.S@GMAIL.COM | D2: 2023-01-15 | E2: 2024-06-01 | F2: OLD-PRD-101 | G2: 2 | H2: DISC10 | I2: =PROPER(TRIM(B2)) -> Budi Santoso | J2: =LOWER(TRIM(C2)) -> budi.s@gmail.com | K2: =SUBSTITUTE(SUBSTITUTE(F2, "OLD-", ""), "NEW-", "") -> PRD-101 | L2: =_xlfn.CONCAT(A2, _xlfn.CONCAT("-SHP-", K2)) -> TRX-001-SHP-PRD-101 | M2: =VLOOKUP(K2, Master_Product!$A$2:$D$6, 2, FALSE) -> Laptop Sleeve 14" | N2: =VLOOKUP(K2, Master_Product!$A$2:$D$6, 3, FALSE) -> Accessories | O2: =VLOOKUP(K2, Master_Product!$A$2:$D$6, 4, FALSE) -> 150000 | P2: =HLOOKUP(N2, Master_Tier_Discount!$B$1:$E$2, 2, FALSE) -> 0.05 | Q2: =DATEDIF(D2, E2, "M") -> 16 | R2: =IF(H2="DISC10", 0.1, IF(H2="CASHBACK", 0.05, P2)) -> 0.1 | S2: =IF(Q2>24, "VIP Tier", IF(Q2>=12, "Gold Tier", "Silver Tier")) -> Gold Tier | T2: =G2*O2 -> 300000 | U2: =T2*R2 -> 30000 | V2: =T2-U2 -> 270000
A3: TRX-002 | B3: SITI AMINAH | C3: siti.a@yahoo.com | D3: 2022-05-10 | E3: 2024-06-02 | F3: NEW-PRD-102 | G3: 1 | H3: - | I3: =PROPER(TRIM(B3)) -> Siti Aminah | J3: =LOWER(TRIM(C3)) -> siti.a@yahoo.com | K3: =SUBSTITUTE(SUBSTITUTE(F3, "OLD-", ""), "NEW-", "") -> PRD-102 | L3: =_xlfn.CONCAT(A3, _xlfn.CONCAT("-SHP-", K3)) -> TRX-002-SHP-PRD-102 | M3: =VLOOKUP(K3, Master_Product!$A$2:$D$6, 2, FALSE) -> Wireless Mouse | N3: =VLOOKUP(K3, Master_Product!$A$2:$D$6, 3, FALSE) -> Electronics | O3: =VLOOKUP(K3, Master_Product!$A$2:$D$6, 4, FALSE) -> 250000 | P3: =HLOOKUP(N3, Master_Tier_Discount!$B$1:$E$2, 2, FALSE) -> 0.1 | Q3: =DATEDIF(D3, E3, "M") -> 24 | R3: =IF(H3="DISC10", 0.1, IF(H3="CASHBACK", 0.05, P3)) -> 0.1 | S3: =IF(Q3>24, "VIP Tier", IF(Q3>=12, "Gold Tier", "Silver Tier")) -> Gold Tier | T3: =G3*O3 -> 250000 | U3: =T3*R3 -> 25000 | V3: =T3-U3 -> 225000
A4: TRX-003 | B4: andi wijaya | C4: ANDI_W@OUTLOOK.COM | D4: 2024-01-01 | E4: 2024-06-05 | F4: OLD-PRD-103 | G4: 5 | H4: CASHBACK | I4: =PROPER(TRIM(B4)) -> Andi Wijaya | J4: =LOWER(TRIM(C4)) -> andi_w@outlook.com | K4: =SUBSTITUTE(SUBSTITUTE(F4, "OLD-", ""), "NEW-", "") -> PRD-103 | L4: =_xlfn.CONCAT(A4, _xlfn.CONCAT("-SHP-", K4)) -> TRX-003-SHP-PRD-103 | M4: =VLOOKUP(K4, Master_Product!$A$2:$D$6, 2, FALSE) -> Mechanical Keyboard | N4: =VLOOKUP(K4, Master_Product!$A$2:$D$6, 3, FALSE) -> Electronics | O4: =VLOOKUP(K4, Master_Product!$A$2:$D$6, 4, FALSE) -> 750000 | P4: =HLOOKUP(N4, Master_Tier_Discount!$B$1:$E$2, 2, FALSE) -> 0.1 | Q4: =DATEDIF(D4, E4, "M") -> 5 | R4: =IF(H4="DISC10", 0.1, IF(H4="CASHBACK", 0.05, P4)) -> 0.05 | S4: =IF(Q4>24, "VIP Tier", IF(Q4>=12, "Gold Tier", "Silver Tier")) -> Silver Tier | T4: =G4*O4 -> 3750000 | U4: =T4*R4 -> 187500 | V4: =T4-U4 -> 3562500
A5: TRX-004 | B5: dewi lestari | C5: dewi.l@gmail.com | D5: 2021-11-20 | E5: 2024-06-10 | F5: OLD-PRD-101 | G5: 1 | H5: DISC10 | I5: =PROPER(TRIM(B5)) -> Dewi Lestari | J5: =LOWER(TRIM(C5)) -> dewi.l@gmail.com | K5: =SUBSTITUTE(SUBSTITUTE(F5, "OLD-", ""), "NEW-", "") -> PRD-101 | L5: =_xlfn.CONCAT(A5, _xlfn.CONCAT("-SHP-", K5)) -> TRX-004-SHP-PRD-101 | M5: =VLOOKUP(K5, Master_Product!$A$2:$D$6, 2, FALSE) -> Laptop Sleeve 14" | N5: =VLOOKUP(K5, Master_Product!$A$2:$D$6, 3, FALSE) -> Accessories | O5: =VLOOKUP(K5, Master_Product!$A$2:$D$6, 4, FALSE) -> 150000 | P5: =HLOOKUP(N5, Master_Tier_Discount!$B$1:$E$2, 2, FALSE) -> 0.05 | Q5: =DATEDIF(D5, E5, "M") -> 30 | R5: =IF(H5="DISC10", 0.1, IF(H5="CASHBACK", 0.05, P5)) -> 0.1 | S5: =IF(Q5>24, "VIP Tier", IF(Q5>=12, "Gold Tier", "Silver Tier")) -> VIP Tier | T5: =G5*O5 -> 150000 | U5: =T5*R5 -> 15000 | V5: =T5-U5 -> 135000
A6: TRX-005 | B6: RUDI HERMAWAN | C6: rudi.h@corp.id | D6: 2023-08-05 | E6: 2024-06-15 | F6: NEW-PRD-104 | G6: 3 | H6: - | I6: =PROPER(TRIM(B6)) -> Rudi Hermawan | J6: =LOWER(TRIM(C6)) -> rudi.h@corp.id | K6: =SUBSTITUTE(SUBSTITUTE(F6, "OLD-", ""), "NEW-", "") -> PRD-104 | L6: =_xlfn.CONCAT(A6, _xlfn.CONCAT("-SHP-", K6)) -> TRX-005-SHP-PRD-104 | M6: =VLOOKUP(K6, Master_Product!$A$2:$D$6, 2, FALSE) -> USB-C Hub 7-in-1 | N6: =VLOOKUP(K6, Master_Product!$A$2:$D$6, 3, FALSE) -> Accessories | O6: =VLOOKUP(K6, Master_Product!$A$2:$D$6, 4, FALSE) -> 320000 | P6: =HLOOKUP(N6, Master_Tier_Discount!$B$1:$E$2, 2, FALSE) -> 0.05 | Q6: =DATEDIF(D6, E6, "M") -> 10 | R6: =IF(H6="DISC10", 0.1, IF(H6="CASHBACK", 0.05, P6)) -> 0.05 | S6: =IF(Q6>24, "VIP Tier", IF(Q6>=12, "Gold Tier", "Silver Tier")) -> Silver Tier | T6: =G6*O6 -> 960000 | U6: =T6*R6 -> 48000 | V6: =T6-U6 -> 912000
A7: TRX-006 | B7: ratna sari | C7: RATNA.S@GMAIL.COM | D7: 2020-03-12 | E7: 2024-06-20 | F7: NEW-PRD-102 | G7: 4 | H7: DISC10 | I7: =PROPER(TRIM(B7)) -> Ratna Sari | J7: =LOWER(TRIM(C7)) -> ratna.s@gmail.com | K7: =SUBSTITUTE(SUBSTITUTE(F7, "OLD-", ""), "NEW-", "") -> PRD-102 | L7: =_xlfn.CONCAT(A7, _xlfn.CONCAT("-SHP-", K7)) -> TRX-006-SHP-PRD-102 | M7: =VLOOKUP(K7, Master_Product!$A$2:$D$6, 2, FALSE) -> Wireless Mouse | N7: =VLOOKUP(K7, Master_Product!$A$2:$D$6, 3, FALSE) -> Electronics | O7: =VLOOKUP(K7, Master_Product!$A$2:$D$6, 4, FALSE) -> 250000 | P7: =HLOOKUP(N7, Master_Tier_Discount!$B$1:$E$2, 2, FALSE) -> 0.1 | Q7: =DATEDIF(D7, E7, "M") -> 51 | R7: =IF(H7="DISC10", 0.1, IF(H7="CASHBACK", 0.05, P7)) -> 0.1 | S7: =IF(Q7>24, "VIP Tier", IF(Q7>=12, "Gold Tier", "Silver Tier")) -> VIP Tier | T7: =G7*O7 -> 1000000 | U7: =T7*R7 -> 100000 | V7: =T7-U7 -> 900000
A8: TRX-007 | B8: hendra gunawan | C8: Hendra.G@gmail.com | D8: 2022-02-14 | E8: 2024-06-21 | F8: OLD-PRD-105 | G8: 2 | H8: CASHBACK | I8: =PROPER(TRIM(B8)) -> Hendra Gunawan | J8: =LOWER(TRIM(C8)) -> hendra.g@gmail.com | K8: =SUBSTITUTE(SUBSTITUTE(F8, "OLD-", ""), "NEW-", "") -> PRD-105 | L8: =_xlfn.CONCAT(A8, _xlfn.CONCAT("-SHP-", K8)) -> TRX-007-SHP-PRD-105 | M8: =VLOOKUP(K8, Master_Product!$A$2:$D$6, 2, FALSE) -> Ergonomic Monitor Stand | N8: =VLOOKUP(K8, Master_Product!$A$2:$D$6, 3, FALSE) -> Furniture | O8: =VLOOKUP(K8, Master_Product!$A$2:$D$6, 4, FALSE) -> 450000 | P8: =HLOOKUP(N8, Master_Tier_Discount!$B$1:$E$2, 2, FALSE) -> 0.08 | Q8: =DATEDIF(D8, E8, "M") -> 28 | R8: =IF(H8="DISC10", 0.1, IF(H8="CASHBACK", 0.05, P8)) -> 0.05 | S8: =IF(Q8>24, "VIP Tier", IF(Q8>=12, "Gold Tier", "Silver Tier")) -> VIP Tier | T8: =G8*O8 -> 900000 | U8: =T8*R8 -> 45000 | V8: =T8-U8 -> 855000
A9: TRX-008 | B9: MAYA PUTRI | C9: maya_p@yahoo.co.id | D9: 2023-11-10 | E9: 2024-06-22 | F9: NEW-PRD-101 | G9: 1 | H9: - | I9: =PROPER(TRIM(B9)) -> Maya Putri | J9: =LOWER(TRIM(C9)) -> maya_p@yahoo.co.id | K9: =SUBSTITUTE(SUBSTITUTE(F9, "OLD-", ""), "NEW-", "") -> PRD-101 | L9: =_xlfn.CONCAT(A9, _xlfn.CONCAT("-SHP-", K9)) -> TRX-008-SHP-PRD-101 | M9: =VLOOKUP(K9, Master_Product!$A$2:$D$6, 2, FALSE) -> Laptop Sleeve 14" | N9: =VLOOKUP(K9, Master_Product!$A$2:$D$6, 3, FALSE) -> Accessories | O9: =VLOOKUP(K9, Master_Product!$A$2:$D$6, 4, FALSE) -> 150000 | P9: =HLOOKUP(N9, Master_Tier_Discount!$B$1:$E$2, 2, FALSE) -> 0.05 | Q9: =DATEDIF(D9, E9, "M") -> 7 | R9: =IF(H9="DISC10", 0.1, IF(H9="CASHBACK", 0.05, P9)) -> 0.05 | S9: =IF(Q9>24, "VIP Tier", IF(Q9>=12, "Gold Tier", "Silver Tier")) -> Silver Tier | T9: =G9*O9 -> 150000 | U9: =T9*R9 -> 7500 | V9: =T9-U9 -> 142500
A10: TRX-009 | B10: eko prasetyo | C10: EKO.P@OUTLOOK.COM | D10: 2021-04-25 | E10: 2024-06-23 | F10: OLD-PRD-104 | G10: 2 | H10: DISC10 | I10: =PROPER(TRIM(B10)) -> Eko Prasetyo | J10: =LOWER(TRIM(C10)) -> eko.p@outlook.com | K10: =SUBSTITUTE(SUBSTITUTE(F10, "OLD-", ""), "NEW-", "") -> PRD-104 | L10: =_xlfn.CONCAT(A10, _xlfn.CONCAT("-SHP-", K10)) -> TRX-009-SHP-PRD-104 | M10: =VLOOKUP(K10, Master_Product!$A$2:$D$6, 2, FALSE) -> USB-C Hub 7-in-1 | N10: =VLOOKUP(K10, Master_Product!$A$2:$D$6, 3, FALSE) -> Accessories | O10: =VLOOKUP(K10, Master_Product!$A$2:$D$6, 4, FALSE) -> 320000 | P10: =HLOOKUP(N10, Master_Tier_Discount!$B$1:$E$2, 2, FALSE) -> 0.05 | Q10: =DATEDIF(D10, E10, "M") -> 37 | R10: =IF(H10="DISC10", 0.1, IF(H10="CASHBACK", 0.05, P10)) -> 0.1 | S10: =IF(Q10>24, "VIP Tier", IF(Q10>=12, "Gold Tier", "Silver Tier")) -> VIP Tier | T10: =G10*O10 -> 640000 | U10: =T10*R10 -> 64000 | V10: =T10-U10 -> 576000
A11: TRX-010 | B11: linda kusuma | C11: linda.k@gmail.com | D11: 2024-03-01 | E11: 2024-06-25 | F11: NEW-PRD-103 | G11: 1 | H11: - | I11: =PROPER(TRIM(B11)) -> Linda Kusuma | J11: =LOWER(TRIM(C11)) -> linda.k@gmail.com | K11: =SUBSTITUTE(SUBSTITUTE(F11, "OLD-", ""), "NEW-", "") -> PRD-103 | L11: =_xlfn.CONCAT(A11, _xlfn.CONCAT("-SHP-", K11)) -> TRX-010-SHP-PRD-103 | M11: =VLOOKUP(K11, Master_Product!$A$2:$D$6, 2, FALSE) -> Mechanical Keyboard | N11: =VLOOKUP(K11, Master_Product!$A$2:$D$6, 3, FALSE) -> Electronics | O11: =VLOOKUP(K11, Master_Product!$A$2:$D$6, 4, FALSE) -> 750000 | P11: =HLOOKUP(N11, Master_Tier_Discount!$B$1:$E$2, 2, FALSE) -> 0.1 | Q11: =DATEDIF(D11, E11, "M") -> 3 | R11: =IF(H11="DISC10", 0.1, IF(H11="CASHBACK", 0.05, P11)) -> 0.1 | S11: =IF(Q11>24, "VIP Tier", IF(Q11>=12, "Gold Tier", "Silver Tier")) -> Silver Tier | T11: =G11*O11 -> 750000 | U11: =T11*R11 -> 75000 | V11: =T11-U11 -> 675000
A12: TRX-011 | B12: FAJAR SIDIK | C12: FAJAR_S@GMAIL.COM | D12: 2022-09-18 | E12: 2024-06-26 | F12: OLD-PRD-102 | G12: 3 | H12: CASHBACK | I12: =PROPER(TRIM(B12)) -> Fajar Sidik | J12: =LOWER(TRIM(C12)) -> fajar_s@gmail.com | K12: =SUBSTITUTE(SUBSTITUTE(F12, "OLD-", ""), "NEW-", "") -> PRD-102 | L12: =_xlfn.CONCAT(A12, _xlfn.CONCAT("-SHP-", K12)) -> TRX-011-SHP-PRD-102 | M12: =VLOOKUP(K12, Master_Product!$A$2:$D$6, 2, FALSE) -> Wireless Mouse | N12: =VLOOKUP(K12, Master_Product!$A$2:$D$6, 3, FALSE) -> Electronics | O12: =VLOOKUP(K12, Master_Product!$A$2:$D$6, 4, FALSE) -> 250000 | P12: =HLOOKUP(N12, Master_Tier_Discount!$B$1:$E$2, 2, FALSE) -> 0.1 | Q12: =DATEDIF(D12, E12, "M") -> 21 | R12: =IF(H12="DISC10", 0.1, IF(H12="CASHBACK", 0.05, P12)) -> 0.05 | S12: =IF(Q12>24, "VIP Tier", IF(Q12>=12, "Gold Tier", "Silver Tier")) -> Gold Tier | T12: =G12*O12 -> 750000 | U12: =T12*R12 -> 37500 | V12: =T12-U12 -> 712500
A13: TRX-012 | B13: anisa rahmawati | C13: anisa.r@corp.co.id | D13: 2020-07-07 | E13: 2024-06-27 | F13: NEW-PRD-105 | G13: 1 | H13: DISC10 | I13: =PROPER(TRIM(B13)) -> Anisa Rahmawati | J13: =LOWER(TRIM(C13)) -> anisa.r@corp.co.id | K13: =SUBSTITUTE(SUBSTITUTE(F13, "OLD-", ""), "NEW-", "") -> PRD-105 | L13: =_xlfn.CONCAT(A13, _xlfn.CONCAT("-SHP-", K13)) -> TRX-012-SHP-PRD-105 | M13: =VLOOKUP(K13, Master_Product!$A$2:$D$6, 2, FALSE) -> Ergonomic Monitor Stand | N13: =VLOOKUP(K13, Master_Product!$A$2:$D$6, 3, FALSE) -> Furniture | O13: =VLOOKUP(K13, Master_Product!$A$2:$D$6, 4, FALSE) -> 450000 | P13: =HLOOKUP(N13, Master_Tier_Discount!$B$1:$E$2, 2, FALSE) -> 0.08 | Q13: =DATEDIF(D13, E13, "M") -> 47 | R13: =IF(H13="DISC10", 0.1, IF(H13="CASHBACK", 0.05, P13)) -> 0.1 | S13: =IF(Q13>24, "VIP Tier", IF(Q13>=12, "Gold Tier", "Silver Tier")) -> VIP Tier | T13: =G13*O13 -> 450000 | U13: =T13*R13 -> 45000 | V13: =T13-U13 -> 405000
... A16: TRX-015 | B16: bambang pamungkas | C16: BAMBANG.P@OUTLOOK.COM | D16: 2019-10-15 | E16: 2024-06-30 | F16: OLD-PRD-103 | G16: 2 | H16: CASHBACK | I16: =PROPER(TRIM(B16)) -> Bambang Pamungkas | J16: =LOWER(TRIM(C16)) -> bambang.p@outlook.com | K16: =SUBSTITUTE(SUBSTITUTE(F16, "OLD-", ""), "NEW-", "") -> PRD-103 | L16: =_xlfn.CONCAT(A16, _xlfn.CONCAT("-SHP-", K16)) -> TRX-015-SHP-PRD-103 | M16: =VLOOKUP(K16, Master_Product!$A$2:$D$6, 2, FALSE) -> Mechanical Keyboard | N16: =VLOOKUP(K16, Master_Product!$A$2:$D$6, 3, FALSE) -> Electronics | O16: =VLOOKUP(K16, Master_Product!$A$2:$D$6, 4, FALSE) -> 750000 | P16: =HLOOKUP(N16, Master_Tier_Discount!$B$1:$E$2, 2, FALSE) -> 0.1 | Q16: =DATEDIF(D16, E16, "M") -> 56 | R16: =IF(H16="DISC10", 0.1, IF(H16="CASHBACK", 0.05, P16)) -> 0.05 | S16: =IF(Q16>24, "VIP Tier", IF(Q16>=12, "Gold Tier", "Silver Tier")) -> VIP Tier | T16: =G16*O16 -> 1500000 | U16: =T16*R16 -> 75000 | V16: =T16-U16 -> 1425000

Sheet KPI_Summary
A1: EXECUTIVE KPI SUMMARY DASHBOARD
A3: Metric Name | B3: Metric Value / Calculation | C3: Function Tested
A4: Total Gross Revenue | B4: =SUM(Raw_Transactions!T2:T16) -> 13130000 | C4: SUM
A5: Total Net Revenue | B5: =SUM(Raw_Transactions!V2:V16) -> 12232500 | C5: SUM
A6: Total Discount Given | B6: =SUM(Raw_Transactions!U2:U16) -> 897500 | C6: SUM
A7: Total Successful Orders | B7: =COUNTA(Raw_Transactions!A2:A16) -> 15 | C7: COUNTA / COUNT
A8: Total Quantity Sold | B8: =SUM(Raw_Transactions!G2:G16) -> 34 | C8: SUM
A9: Average Order Value (AOV Gross) | B9: =AVERAGE(Raw_Transactions!T2:T16) -> 875333.33 | C9: AVERAGE
A10: Average Order Value (AOV Net) | B10: =AVERAGE(Raw_Transactions!V2:V16) -> 815500 | C10: AVERAGE
A11: Highest Single Transaction (Gross) | B11: =MAX(Raw_Transactions!T2:T16) -> 3750000 | C11: MAX
A12: Lowest Single Transaction (Gross) | B12: =MIN(Raw_Transactions!T2:T16) -> 150000 | C12: MIN
A13: Average Customer Tenure (Months) | B13: =AVERAGE(Raw_Transactions!Q2:Q16) -> 25.2 | C13: AVERAGE
